"nome_produto","mes","ano","qtd_vendida"
"Alice Mutton",1,1997,"97"
"Alice Mutton",1,1998,"48"
"Alice Mutton",2,1997,"10"
"Alice Mutton",2,1998,"53"
"Alice Mutton",3,1998,"27"
"Alice Mutton",4,1998,"12"
"Alice Mutton",5,1997,"73"
"Alice Mutton",5,1998,"77"
"Alice Mutton",6,1997,"34"
"Alice Mutton",7,1996,"30"
"Alice Mutton",7,1997,"100"
"Alice Mutton",8,1996,"30"
"Alice Mutton",9,1996,"40"
"Alice Mutton",9,1997,"30"
"Alice Mutton",10,1996,"98"
"Alice Mutton",10,1997,"55"
"Alice Mutton",11,1996,"36"
"Alice Mutton",11,1997,"20"
"Alice Mutton",12,1997,"108"
"Aniseed Syrup",1,1997,"50"
"Aniseed Syrup",1,1998,"79"
"Aniseed Syrup",3,1997,"20"
"Aniseed Syrup",4,1998,"25"
"Aniseed Syrup",5,1997,"60"
"Aniseed Syrup",5,1998,"4"
"Aniseed Syrup",7,1997,"14"
"Aniseed Syrup",8,1996,"30"
"Aniseed Syrup",10,1997,"6"
"Aniseed Syrup",11,1997,"20"
"Aniseed Syrup",12,1997,"20"
"Boston Crab Meat",1,1997,"52"
"Boston Crab Meat",1,1998,"115"
"Boston Crab Meat",2,1997,"20"
"Boston Crab Meat",2,1998,"103"
"Boston Crab Meat",3,1997,"61"
"Boston Crab Meat",3,1998,"30"
"Boston Crab Meat",4,1997,"30"
"Boston Crab Meat",4,1998,"55"
"Boston Crab Meat",5,1997,"35"
"Boston Crab Meat",6,1997,"52"
"Boston Crab Meat",7,1996,"50"
"Boston Crab Meat",7,1997,"42"
"Boston Crab Meat",8,1996,"100"
"Boston Crab Meat",8,1997,"60"
"Boston Crab Meat",9,1996,"50"
"Boston Crab Meat",9,1997,"144"
"Boston Crab Meat",11,1996,"4"
"Boston Crab Meat",11,1997,"99"
"Boston Crab Meat",12,1997,"1"
"Camembert Pierrot",1,1997,"60"
"Camembert Pierrot",1,1998,"156"
"Camembert Pierrot",2,1998,"100"
"Camembert Pierrot",3,1997,"60"
"Camembert Pierrot",3,1998,"110"
"Camembert Pierrot",4,1997,"106"
"Camembert Pierrot",4,1998,"174"
"Camembert Pierrot",5,1997,"35"
"Camembert Pierrot",5,1998,"2"
"Camembert Pierrot",6,1997,"24"
"Camembert Pierrot",7,1996,"40"
"Camembert Pierrot",7,1997,"125"
"Camembert Pierrot",8,1996,"76"
"Camembert Pierrot",8,1997,"30"
"Camembert Pierrot",9,1997,"135"
"Camembert Pierrot",10,1997,"10"
"Camembert Pierrot",11,1996,"143"
"Camembert Pierrot",11,1997,"65"
"Camembert Pierrot",12,1996,"111"
"Camembert Pierrot",12,1997,"15"
"Carnarvon Tigers",1,1998,"55"
"Carnarvon Tigers",2,1998,"25"
"Carnarvon Tigers",3,1997,"30"
"Carnarvon Tigers",3,1998,"18"
"Carnarvon Tigers",4,1997,"25"
"Carnarvon Tigers",4,1998,"53"
"Carnarvon Tigers",6,1997,"18"
"Carnarvon Tigers",7,1997,"40"
"Carnarvon Tigers",8,1996,"12"
"Carnarvon Tigers",8,1997,"82"
"Carnarvon Tigers",9,1996,"25"
"Carnarvon Tigers",10,1996,"60"
"Carnarvon Tigers",10,1997,"12"
"Carnarvon Tigers",11,1997,"45"
"Carnarvon Tigers",12,1996,"9"
"Carnarvon Tigers",12,1997,"30"
"Chai",1,1997,"34"
"Chai",1,1998,"84"
"Chai",2,1998,"90"
"Chai",3,1997,"15"
"Chai",3,1998,"81"
"Chai",4,1997,"40"
"Chai",4,1998,"104"
"Chai",5,1997,"8"
"Chai",5,1998,"40"
"Chai",6,1997,"10"
"Chai",7,1997,"29"
"Chai",8,1996,"63"
"Chai",8,1997,"40"
"Chai",9,1996,"20"
"Chai",10,1997,"70"
"Chai",11,1996,"27"
"Chai",11,1997,"58"
"Chai",12,1996,"15"
"Chang",1,1997,"60"
"Chang",1,1998,"62"
"Chang",2,1997,"55"
"Chang",2,1998,"61"
"Chang",3,1997,"60"
"Chang",3,1998,"10"
"Chang",4,1997,"12"
"Chang",4,1998,"201"
"Chang",5,1998,"62"
"Chang",7,1996,"105"
"Chang",7,1997,"10"
"Chang",8,1997,"100"
"Chang",9,1996,"40"
"Chang",10,1996,"56"
"Chang",10,1997,"38"
"Chang",11,1997,"15"
"Chang",12,1996,"25"
"Chang",12,1997,"85"
"Chartreuse verte",1,1998,"59"
"Chartreuse verte",2,1997,"26"
"Chartreuse verte",2,1998,"133"
"Chartreuse verte",3,1997,"20"
"Chartreuse verte",3,1998,"30"
"Chartreuse verte",4,1997,"10"
"Chartreuse verte",5,1998,"22"
"Chartreuse verte",6,1997,"10"
"Chartreuse verte",7,1996,"48"
"Chartreuse verte",7,1997,"5"
"Chartreuse verte",8,1997,"41"
"Chartreuse verte",9,1996,"90"
"Chartreuse verte",9,1997,"23"
"Chartreuse verte",10,1996,"4"
"Chartreuse verte",11,1996,"104"
"Chartreuse verte",12,1996,"20"
"Chartreuse verte",12,1997,"148"
"Chef Anton's Cajun Seasoning",1,1998,"21"
"Chef Anton's Cajun Seasoning",2,1998,"30"
"Chef Anton's Cajun Seasoning",3,1997,"16"
"Chef Anton's Cajun Seasoning",3,1998,"5"
"Chef Anton's Cajun Seasoning",4,1997,"50"
"Chef Anton's Cajun Seasoning",4,1998,"25"
"Chef Anton's Cajun Seasoning",5,1997,"100"
"Chef Anton's Cajun Seasoning",5,1998,"1"
"Chef Anton's Cajun Seasoning",7,1997,"20"
"Chef Anton's Cajun Seasoning",8,1997,"35"
"Chef Anton's Cajun Seasoning",9,1996,"20"
"Chef Anton's Cajun Seasoning",9,1997,"12"
"Chef Anton's Cajun Seasoning",10,1996,"52"
"Chef Anton's Cajun Seasoning",10,1997,"6"
"Chef Anton's Cajun Seasoning",11,1996,"35"
"Chef Anton's Cajun Seasoning",11,1997,"25"
"Chef Anton's Gumbo Mix",1,1998,"30"
"Chef Anton's Gumbo Mix",3,1998,"20"
"Chef Anton's Gumbo Mix",4,1998,"100"
"Chef Anton's Gumbo Mix",7,1996,"77"
"Chef Anton's Gumbo Mix",8,1996,"20"
"Chef Anton's Gumbo Mix",8,1997,"15"
"Chef Anton's Gumbo Mix",10,1997,"4"
"Chef Anton's Gumbo Mix",12,1996,"32"
"Chocolade",1,1997,"70"
"Chocolade",1,1998,"8"
"Chocolade",2,1997,"15"
"Chocolade",4,1997,"15"
"Chocolade",7,1997,"6"
"Chocolade",10,1997,"24"
"Côte de Blaye",1,1997,"99"
"Côte de Blaye",1,1998,"70"
"Côte de Blaye",2,1998,"100"
"Côte de Blaye",3,1997,"30"
"Côte de Blaye",3,1998,"65"
"Côte de Blaye",4,1997,"15"
"Côte de Blaye",4,1998,"25"
"Côte de Blaye",5,1997,"34"
"Côte de Blaye",7,1997,"15"
"Côte de Blaye",9,1997,"15"
"Côte de Blaye",10,1996,"20"
"Côte de Blaye",11,1996,"80"
"Côte de Blaye",12,1996,"40"
"Côte de Blaye",12,1997,"15"
"Escargots de Bourgogne",1,1998,"90"
"Escargots de Bourgogne",2,1998,"42"
"Escargots de Bourgogne",3,1998,"30"
"Escargots de Bourgogne",4,1998,"40"
"Escargots de Bourgogne",5,1997,"20"
"Escargots de Bourgogne",7,1997,"30"
"Escargots de Bourgogne",8,1997,"6"
"Escargots de Bourgogne",9,1996,"30"
"Escargots de Bourgogne",9,1997,"79"
"Escargots de Bourgogne",10,1996,"30"
"Escargots de Bourgogne",10,1997,"42"
"Escargots de Bourgogne",12,1996,"95"
"Filo Mix",1,1998,"28"
"Filo Mix",2,1997,"35"
"Filo Mix",2,1998,"14"
"Filo Mix",3,1998,"63"
"Filo Mix",4,1997,"6"
"Filo Mix",4,1998,"32"
"Filo Mix",5,1998,"2"
"Filo Mix",6,1997,"100"
"Filo Mix",7,1997,"28"
"Filo Mix",8,1997,"5"
"Filo Mix",9,1997,"9"
"Filo Mix",10,1996,"28"
"Filo Mix",10,1997,"4"
"Filo Mix",11,1997,"103"
"Filo Mix",12,1996,"20"
"Filo Mix",12,1997,"23"
"Flotemysost",1,1997,"75"
"Flotemysost",1,1998,"55"
"Flotemysost",2,1997,"82"
"Flotemysost",2,1998,"55"
"Flotemysost",3,1997,"12"
"Flotemysost",3,1998,"35"
"Flotemysost",4,1998,"197"
"Flotemysost",5,1997,"9"
"Flotemysost",7,1997,"39"
"Flotemysost",8,1996,"20"
"Flotemysost",8,1997,"65"
"Flotemysost",9,1996,"5"
"Flotemysost",9,1997,"26"
"Flotemysost",10,1996,"70"
"Flotemysost",10,1997,"118"
"Flotemysost",11,1996,"5"
"Flotemysost",12,1996,"161"
"Flotemysost",12,1997,"28"
"Geitost",1,1997,"119"
"Geitost",1,1998,"55"
"Geitost",2,1997,"20"
"Geitost",2,1998,"70"
"Geitost",3,1997,"12"
"Geitost",3,1998,"22"
"Geitost",4,1997,"16"
"Geitost",4,1998,"55"
"Geitost",5,1997,"53"
"Geitost",6,1997,"34"
"Geitost",7,1996,"85"
"Geitost",7,1997,"14"
"Geitost",8,1996,"44"
"Geitost",8,1997,"20"
"Geitost",9,1997,"68"
"Geitost",10,1996,"8"
"Geitost",12,1996,"60"
"Genen Shouyu",4,1997,"12"
"Genen Shouyu",6,1997,"10"
"Genen Shouyu",7,1997,"25"
"Genen Shouyu",8,1996,"20"
"Genen Shouyu",9,1997,"50"
"Genen Shouyu",10,1996,"5"
"Gnocchi di nonna Alice",1,1997,"105"
"Gnocchi di nonna Alice",1,1998,"104"
"Gnocchi di nonna Alice",2,1997,"83"
"Gnocchi di nonna Alice",2,1998,"37"
"Gnocchi di nonna Alice",3,1997,"50"
"Gnocchi di nonna Alice",3,1998,"30"
"Gnocchi di nonna Alice",4,1997,"154"
"Gnocchi di nonna Alice",4,1998,"25"
"Gnocchi di nonna Alice",5,1997,"30"
"Gnocchi di nonna Alice",6,1997,"100"
"Gnocchi di nonna Alice",7,1996,"2"
"Gnocchi di nonna Alice",7,1997,"47"
"Gnocchi di nonna Alice",8,1997,"80"
"Gnocchi di nonna Alice",9,1996,"24"
"Gnocchi di nonna Alice",9,1997,"57"
"Gnocchi di nonna Alice",10,1996,"12"
"Gnocchi di nonna Alice",10,1997,"68"
"Gnocchi di nonna Alice",11,1996,"20"
"Gnocchi di nonna Alice",11,1997,"97"
"Gnocchi di nonna Alice",12,1996,"38"
"Gnocchi di nonna Alice",12,1997,"100"
"Gorgonzola Telino",1,1997,"14"
"Gorgonzola Telino",1,1998,"74"
"Gorgonzola Telino",2,1997,"3"
"Gorgonzola Telino",2,1998,"35"
"Gorgonzola Telino",3,1997,"35"
"Gorgonzola Telino",3,1998,"153"
"Gorgonzola Telino",4,1997,"20"
"Gorgonzola Telino",4,1998,"15"
"Gorgonzola Telino",5,1997,"135"
"Gorgonzola Telino",5,1998,"20"
"Gorgonzola Telino",6,1997,"171"
"Gorgonzola Telino",7,1996,"20"
"Gorgonzola Telino",8,1996,"55"
"Gorgonzola Telino",9,1997,"48"
"Gorgonzola Telino",10,1996,"85"
"Gorgonzola Telino",10,1997,"70"
"Gorgonzola Telino",11,1996,"120"
"Gorgonzola Telino",11,1997,"11"
"Gorgonzola Telino",12,1996,"164"
"Gorgonzola Telino",12,1997,"149"
"Grandma's Boysenberry Spread",1,1998,"6"
"Grandma's Boysenberry Spread",2,1998,"50"
"Grandma's Boysenberry Spread",3,1998,"88"
"Grandma's Boysenberry Spread",5,1998,"21"
"Grandma's Boysenberry Spread",8,1997,"70"
"Grandma's Boysenberry Spread",9,1996,"30"
"Grandma's Boysenberry Spread",10,1996,"6"
"Grandma's Boysenberry Spread",11,1997,"30"
"Gravad lax",1,1997,"10"
"Gravad lax",1,1998,"60"
"Gravad lax",3,1998,"8"
"Gravad lax",5,1997,"18"
"Gravad lax",7,1996,"1"
"Gravad lax",10,1996,"28"
"Guaraná Fantástica",1,1998,"40"
"Guaraná Fantástica",2,1997,"20"
"Guaraná Fantástica",2,1998,"146"
"Guaraná Fantástica",3,1997,"133"
"Guaraná Fantástica",3,1998,"200"
"Guaraná Fantástica",4,1997,"37"
"Guaraná Fantástica",4,1998,"140"
"Guaraná Fantástica",5,1997,"35"
"Guaraná Fantástica",5,1998,"20"
"Guaraná Fantástica",6,1997,"43"
"Guaraná Fantástica",7,1996,"43"
"Guaraná Fantástica",7,1997,"35"
"Guaraná Fantástica",8,1996,"40"
"Guaraná Fantástica",8,1997,"23"
"Guaraná Fantástica",10,1997,"55"
"Guaraná Fantástica",11,1996,"45"
"Guaraná Fantástica",12,1996,"30"
"Guaraná Fantástica",12,1997,"40"
"Gudbrandsdalsost",1,1997,"35"
"Gudbrandsdalsost",2,1998,"50"
"Gudbrandsdalsost",3,1998,"19"
"Gudbrandsdalsost",4,1997,"10"
"Gudbrandsdalsost",4,1998,"66"
"Gudbrandsdalsost",5,1997,"28"
"Gudbrandsdalsost",6,1997,"10"
"Gudbrandsdalsost",7,1997,"85"
"Gudbrandsdalsost",8,1997,"20"
"Gudbrandsdalsost",9,1996,"23"
"Gudbrandsdalsost",9,1997,"45"
"Gudbrandsdalsost",10,1997,"55"
"Gudbrandsdalsost",11,1996,"68"
"Gudbrandsdalsost",11,1997,"118"
"Gudbrandsdalsost",12,1996,"58"
"Gudbrandsdalsost",12,1997,"24"
"Gula Malacca",1,1997,"40"
"Gula Malacca",1,1998,"16"
"Gula Malacca",2,1997,"100"
"Gula Malacca",3,1997,"17"
"Gula Malacca",3,1998,"24"
"Gula Malacca",4,1997,"9"
"Gula Malacca",4,1998,"27"
"Gula Malacca",5,1997,"40"
"Gula Malacca",6,1997,"31"
"Gula Malacca",8,1996,"61"
"Gula Malacca",8,1997,"10"
"Gula Malacca",9,1997,"49"
"Gula Malacca",10,1997,"74"
"Gula Malacca",11,1996,"77"
"Gula Malacca",11,1997,"16"
"Gula Malacca",12,1997,"10"
"Gumbär Gummibärchen",1,1997,"72"
"Gumbär Gummibärchen",1,1998,"105"
"Gumbär Gummibärchen",2,1997,"51"
"Gumbär Gummibärchen",2,1998,"20"
"Gumbär Gummibärchen",3,1997,"30"
"Gumbär Gummibärchen",3,1998,"5"
"Gumbär Gummibärchen",4,1998,"81"
"Gumbär Gummibärchen",5,1997,"40"
"Gumbär Gummibärchen",7,1997,"11"
"Gumbär Gummibärchen",8,1997,"35"
"Gumbär Gummibärchen",9,1997,"45"
"Gumbär Gummibärchen",10,1996,"74"
"Gumbär Gummibärchen",10,1997,"45"
"Gumbär Gummibärchen",11,1996,"16"
"Gumbär Gummibärchen",11,1997,"32"
"Gumbär Gummibärchen",12,1996,"70"
"Gumbär Gummibärchen",12,1997,"21"
"Gustaf's Knäckebröd",1,1998,"87"
"Gustaf's Knäckebröd",2,1997,"12"
"Gustaf's Knäckebröd",3,1998,"21"
"Gustaf's Knäckebröd",4,1998,"25"
"Gustaf's Knäckebröd",5,1997,"24"
"Gustaf's Knäckebröd",7,1996,"6"
"Gustaf's Knäckebröd",7,1997,"48"
"Gustaf's Knäckebröd",8,1997,"95"
"Gustaf's Knäckebröd",9,1997,"20"
"Gustaf's Knäckebröd",12,1997,"10"
"Ikura",1,1998,"131"
"Ikura",2,1997,"34"
"Ikura",2,1998,"80"
"Ikura",3,1997,"20"
"Ikura",3,1998,"75"
"Ikura",4,1997,"16"
"Ikura",4,1998,"24"
"Ikura",5,1997,"2"
"Ikura",5,1998,"1"
"Ikura",6,1997,"5"
"Ikura",7,1997,"80"
"Ikura",8,1996,"39"
"Ikura",8,1997,"18"
"Ikura",9,1997,"46"
"Ikura",10,1997,"73"
"Ikura",11,1996,"30"
"Ikura",12,1996,"16"
"Ikura",12,1997,"52"
"Inlagd Sill",1,1997,"5"
"Inlagd Sill",1,1998,"50"
"Inlagd Sill",2,1998,"20"
"Inlagd Sill",3,1998,"95"
"Inlagd Sill",4,1998,"69"
"Inlagd Sill",5,1997,"120"
"Inlagd Sill",6,1997,"25"
"Inlagd Sill",7,1996,"25"
"Inlagd Sill",7,1997,"76"
"Inlagd Sill",8,1996,"30"
"Inlagd Sill",8,1997,"15"
"Inlagd Sill",9,1996,"52"
"Inlagd Sill",9,1997,"36"
"Inlagd Sill",10,1996,"60"
"Inlagd Sill",10,1997,"45"
"Inlagd Sill",11,1996,"20"
"Inlagd Sill",11,1997,"26"
"Inlagd Sill",12,1996,"6"
"Inlagd Sill",12,1997,"30"
"Ipoh Coffee",1,1998,"41"
"Ipoh Coffee",2,1997,"20"
"Ipoh Coffee",3,1997,"18"
"Ipoh Coffee",3,1998,"49"
"Ipoh Coffee",4,1997,"15"
"Ipoh Coffee",4,1998,"60"
"Ipoh Coffee",5,1997,"85"
"Ipoh Coffee",5,1998,"36"
"Ipoh Coffee",8,1996,"40"
"Ipoh Coffee",8,1997,"20"
"Ipoh Coffee",9,1996,"56"
"Ipoh Coffee",9,1997,"6"
"Ipoh Coffee",10,1996,"40"
"Ipoh Coffee",10,1997,"64"
"Ipoh Coffee",12,1997,"30"
"Jack's New England Clam Chowder",1,1997,"25"
"Jack's New England Clam Chowder",1,1998,"52"
"Jack's New England Clam Chowder",2,1997,"30"
"Jack's New England Clam Chowder",2,1998,"49"
"Jack's New England Clam Chowder",3,1998,"40"
"Jack's New England Clam Chowder",4,1997,"110"
"Jack's New England Clam Chowder",4,1998,"113"
"Jack's New England Clam Chowder",5,1997,"20"
"Jack's New England Clam Chowder",5,1998,"64"
"Jack's New England Clam Chowder",6,1997,"21"
"Jack's New England Clam Chowder",7,1996,"51"
"Jack's New England Clam Chowder",9,1996,"10"
"Jack's New England Clam Chowder",9,1997,"168"
"Jack's New England Clam Chowder",10,1996,"32"
"Jack's New England Clam Chowder",10,1997,"54"
"Jack's New England Clam Chowder",11,1996,"13"
"Jack's New England Clam Chowder",11,1997,"47"
"Jack's New England Clam Chowder",12,1996,"8"
"Jack's New England Clam Chowder",12,1997,"74"
"Konbu",1,1997,"2"
"Konbu",1,1998,"91"
"Konbu",2,1998,"73"
"Konbu",3,1997,"1"
"Konbu",3,1998,"288"
"Konbu",4,1997,"10"
"Konbu",4,1998,"193"
"Konbu",5,1997,"18"
"Konbu",5,1998,"14"
"Konbu",7,1997,"68"
"Konbu",8,1996,"30"
"Konbu",8,1997,"13"
"Konbu",10,1996,"12"
"Konbu",11,1997,"10"
"Konbu",12,1996,"48"
"Konbu",12,1997,"20"
"Lakkalikööri",1,1997,"34"
"Lakkalikööri",1,1998,"91"
"Lakkalikööri",2,1997,"18"
"Lakkalikööri",2,1998,"10"
"Lakkalikööri",3,1997,"42"
"Lakkalikööri",3,1998,"139"
"Lakkalikööri",4,1998,"146"
"Lakkalikööri",5,1997,"50"
"Lakkalikööri",5,1998,"2"
"Lakkalikööri",6,1997,"64"
"Lakkalikööri",7,1996,"15"
"Lakkalikööri",7,1997,"94"
"Lakkalikööri",8,1996,"33"
"Lakkalikööri",8,1997,"35"
"Lakkalikööri",9,1997,"10"
"Lakkalikööri",10,1996,"51"
"Lakkalikööri",10,1997,"50"
"Lakkalikööri",11,1996,"12"
"Lakkalikööri",11,1997,"50"
"Lakkalikööri",12,1996,"35"
"Laughing Lumberjack Lager",2,1998,"30"
"Laughing Lumberjack Lager",3,1998,"64"
"Laughing Lumberjack Lager",4,1997,"30"
"Laughing Lumberjack Lager",4,1998,"20"
"Laughing Lumberjack Lager",5,1997,"7"
"Laughing Lumberjack Lager",8,1996,"5"
"Laughing Lumberjack Lager",9,1997,"25"
"Laughing Lumberjack Lager",12,1997,"3"
"Longlife Tofu",1,1997,"15"
"Longlife Tofu",1,1998,"20"
"Longlife Tofu",2,1997,"30"
"Longlife Tofu",3,1997,"16"
"Longlife Tofu",4,1998,"20"
"Longlife Tofu",7,1996,"57"
"Longlife Tofu",11,1997,"5"
"Longlife Tofu",12,1996,"84"
"Longlife Tofu",12,1997,"50"
"Louisiana Fiery Hot Pepper Sauce",1,1997,"20"
"Louisiana Fiery Hot Pepper Sauce",1,1998,"15"
"Louisiana Fiery Hot Pepper Sauce",2,1997,"63"
"Louisiana Fiery Hot Pepper Sauce",2,1998,"64"
"Louisiana Fiery Hot Pepper Sauce",4,1997,"74"
"Louisiana Fiery Hot Pepper Sauce",4,1998,"21"
"Louisiana Fiery Hot Pepper Sauce",5,1997,"36"
"Louisiana Fiery Hot Pepper Sauce",6,1997,"30"
"Louisiana Fiery Hot Pepper Sauce",7,1996,"35"
"Louisiana Fiery Hot Pepper Sauce",7,1997,"12"
"Louisiana Fiery Hot Pepper Sauce",8,1997,"21"
"Louisiana Fiery Hot Pepper Sauce",9,1996,"30"
"Louisiana Fiery Hot Pepper Sauce",9,1997,"37"
"Louisiana Fiery Hot Pepper Sauce",10,1996,"40"
"Louisiana Fiery Hot Pepper Sauce",10,1997,"65"
"Louisiana Fiery Hot Pepper Sauce",11,1996,"30"
"Louisiana Fiery Hot Pepper Sauce",11,1997,"50"
"Louisiana Fiery Hot Pepper Sauce",12,1996,"20"
"Louisiana Fiery Hot Pepper Sauce",12,1997,"82"
"Louisiana Hot Spiced Okra",2,1997,"60"
"Louisiana Hot Spiced Okra",3,1997,"60"
"Louisiana Hot Spiced Okra",4,1997,"10"
"Louisiana Hot Spiced Okra",5,1997,"24"
"Louisiana Hot Spiced Okra",5,1998,"1"
"Louisiana Hot Spiced Okra",9,1996,"30"
"Louisiana Hot Spiced Okra",9,1997,"4"
"Louisiana Hot Spiced Okra",12,1997,"50"
"Manjimup Dried Apples",1,1998,"13"
"Manjimup Dried Apples",2,1998,"2"
"Manjimup Dried Apples",3,1997,"46"
"Manjimup Dried Apples",3,1998,"74"
"Manjimup Dried Apples",4,1998,"133"
"Manjimup Dried Apples",5,1997,"54"
"Manjimup Dried Apples",6,1997,"93"
"Manjimup Dried Apples",7,1996,"75"
"Manjimup Dried Apples",8,1996,"2"
"Manjimup Dried Apples",8,1997,"15"
"Manjimup Dried Apples",9,1997,"40"
"Manjimup Dried Apples",10,1996,"48"
"Manjimup Dried Apples",10,1997,"35"
"Manjimup Dried Apples",11,1996,"20"
"Manjimup Dried Apples",11,1997,"30"
"Manjimup Dried Apples",12,1996,"18"
"Manjimup Dried Apples",12,1997,"188"
"Mascarpone Fabioli",1,1998,"20"
"Mascarpone Fabioli",2,1998,"6"
"Mascarpone Fabioli",3,1998,"35"
"Mascarpone Fabioli",4,1997,"50"
"Mascarpone Fabioli",4,1998,"85"
"Mascarpone Fabioli",5,1997,"24"
"Mascarpone Fabioli",5,1998,"1"
"Mascarpone Fabioli",6,1997,"10"
"Mascarpone Fabioli",7,1996,"6"
"Mascarpone Fabioli",9,1996,"40"
"Mascarpone Fabioli",10,1996,"6"
"Mascarpone Fabioli",10,1997,"4"
"Mascarpone Fabioli",11,1997,"10"
"Maxilaku",1,1997,"60"
"Maxilaku",2,1997,"21"
"Maxilaku",2,1998,"87"
"Maxilaku",3,1997,"24"
"Maxilaku",3,1998,"68"
"Maxilaku",4,1997,"25"
"Maxilaku",4,1998,"62"
"Maxilaku",5,1997,"6"
"Maxilaku",7,1996,"40"
"Maxilaku",7,1997,"43"
"Maxilaku",8,1996,"15"
"Maxilaku",9,1996,"30"
"Maxilaku",11,1996,"35"
"Maxilaku",12,1997,"4"
"Mishi Kobe Niku",1,1997,"20"
"Mishi Kobe Niku",1,1998,"3"
"Mishi Kobe Niku",4,1997,"16"
"Mishi Kobe Niku",9,1997,"50"
"Mishi Kobe Niku",10,1997,"6"
"Mozzarella di Giovanni",1,1998,"55"
"Mozzarella di Giovanni",2,1997,"50"
"Mozzarella di Giovanni",3,1998,"101"
"Mozzarella di Giovanni",4,1997,"25"
"Mozzarella di Giovanni",4,1998,"37"
"Mozzarella di Giovanni",5,1997,"55"
"Mozzarella di Giovanni",6,1997,"54"
"Mozzarella di Giovanni",7,1996,"29"
"Mozzarella di Giovanni",7,1997,"12"
"Mozzarella di Giovanni",8,1996,"34"
"Mozzarella di Giovanni",8,1997,"75"
"Mozzarella di Giovanni",9,1996,"20"
"Mozzarella di Giovanni",10,1996,"90"
"Mozzarella di Giovanni",11,1997,"42"
"Mozzarella di Giovanni",12,1996,"87"
"Mozzarella di Giovanni",12,1997,"40"
"Nord-Ost Matjeshering",1,1997,"18"
"Nord-Ost Matjeshering",1,1998,"20"
"Nord-Ost Matjeshering",2,1997,"28"
"Nord-Ost Matjeshering",2,1998,"126"
"Nord-Ost Matjeshering",3,1997,"8"
"Nord-Ost Matjeshering",3,1998,"31"
"Nord-Ost Matjeshering",4,1997,"20"
"Nord-Ost Matjeshering",4,1998,"15"
"Nord-Ost Matjeshering",5,1997,"35"
"Nord-Ost Matjeshering",5,1998,"4"
"Nord-Ost Matjeshering",6,1997,"20"
"Nord-Ost Matjeshering",7,1996,"60"
"Nord-Ost Matjeshering",8,1996,"6"
"Nord-Ost Matjeshering",8,1997,"30"
"Nord-Ost Matjeshering",9,1996,"10"
"Nord-Ost Matjeshering",9,1997,"2"
"Nord-Ost Matjeshering",10,1996,"58"
"Nord-Ost Matjeshering",10,1997,"3"
"Nord-Ost Matjeshering",11,1997,"60"
"Nord-Ost Matjeshering",12,1996,"18"
"Nord-Ost Matjeshering",12,1997,"40"
"Northwoods Cranberry Sauce",1,1998,"20"
"Northwoods Cranberry Sauce",2,1998,"30"
"Northwoods Cranberry Sauce",3,1998,"36"
"Northwoods Cranberry Sauce",4,1997,"34"
"Northwoods Cranberry Sauce",4,1998,"30"
"Northwoods Cranberry Sauce",5,1998,"2"
"Northwoods Cranberry Sauce",10,1997,"50"
"Northwoods Cranberry Sauce",11,1996,"140"
"Northwoods Cranberry Sauce",12,1997,"30"
"NuNuCa Nuß-Nougat-Creme",1,1998,"51"
"NuNuCa Nuß-Nougat-Creme",2,1998,"5"
"NuNuCa Nuß-Nougat-Creme",3,1997,"12"
"NuNuCa Nuß-Nougat-Creme",3,1998,"24"
"NuNuCa Nuß-Nougat-Creme",4,1997,"78"
"NuNuCa Nuß-Nougat-Creme",4,1998,"15"
"NuNuCa Nuß-Nougat-Creme",10,1996,"4"
"NuNuCa Nuß-Nougat-Creme",11,1996,"60"
"NuNuCa Nuß-Nougat-Creme",12,1996,"7"
"NuNuCa Nuß-Nougat-Creme",12,1997,"62"
"Original Frankfurter grüne Soße",1,1997,"45"
"Original Frankfurter grüne Soße",1,1998,"52"
"Original Frankfurter grüne Soße",2,1997,"55"
"Original Frankfurter grüne Soße",2,1998,"65"
"Original Frankfurter grüne Soße",3,1997,"37"
"Original Frankfurter grüne Soße",3,1998,"70"
"Original Frankfurter grüne Soße",4,1997,"30"
"Original Frankfurter grüne Soße",4,1998,"79"
"Original Frankfurter grüne Soße",5,1997,"10"
"Original Frankfurter grüne Soße",5,1998,"30"
"Original Frankfurter grüne Soße",6,1997,"18"
"Original Frankfurter grüne Soße",7,1996,"27"
"Original Frankfurter grüne Soße",7,1997,"85"
"Original Frankfurter grüne Soße",8,1996,"10"
"Original Frankfurter grüne Soße",8,1997,"35"
"Original Frankfurter grüne Soße",9,1997,"70"
"Original Frankfurter grüne Soße",10,1997,"30"
"Original Frankfurter grüne Soße",11,1996,"12"
"Original Frankfurter grüne Soße",11,1997,"2"
"Original Frankfurter grüne Soße",12,1996,"14"
"Original Frankfurter grüne Soße",12,1997,"15"
"Outback Lager",1,1997,"8"
"Outback Lager",1,1998,"96"
"Outback Lager",2,1997,"25"
"Outback Lager",2,1998,"83"
"Outback Lager",3,1997,"72"
"Outback Lager",4,1997,"20"
"Outback Lager",4,1998,"69"
"Outback Lager",5,1997,"7"
"Outback Lager",7,1996,"41"
"Outback Lager",7,1997,"15"
"Outback Lager",8,1997,"35"
"Outback Lager",9,1996,"55"
"Outback Lager",9,1997,"40"
"Outback Lager",10,1997,"116"
"Outback Lager",11,1997,"40"
"Outback Lager",12,1996,"60"
"Outback Lager",12,1997,"35"
"Pâté chinois",1,1997,"10"
"Pâté chinois",2,1997,"180"
"Pâté chinois",2,1998,"40"
"Pâté chinois",3,1997,"32"
"Pâté chinois",3,1998,"29"
"Pâté chinois",4,1998,"181"
"Pâté chinois",5,1997,"14"
"Pâté chinois",5,1998,"6"
"Pâté chinois",6,1997,"43"
"Pâté chinois",7,1996,"21"
"Pâté chinois",7,1997,"25"
"Pâté chinois",8,1996,"20"
"Pâté chinois",8,1997,"12"
"Pâté chinois",9,1997,"4"
"Pâté chinois",10,1996,"40"
"Pâté chinois",10,1997,"27"
"Pâté chinois",11,1996,"12"
"Pâté chinois",11,1997,"12"
"Pâté chinois",12,1996,"135"
"Pâté chinois",12,1997,"60"
"Pavlova",1,1997,"21"
"Pavlova",1,1998,"50"
"Pavlova",2,1997,"85"
"Pavlova",2,1998,"63"
"Pavlova",3,1997,"53"
"Pavlova",3,1998,"173"
"Pavlova",4,1997,"50"
"Pavlova",5,1997,"84"
"Pavlova",5,1998,"49"
"Pavlova",6,1997,"12"
"Pavlova",7,1996,"95"
"Pavlova",7,1997,"30"
"Pavlova",8,1996,"40"
"Pavlova",9,1996,"40"
"Pavlova",9,1997,"93"
"Pavlova",10,1996,"21"
"Pavlova",10,1997,"40"
"Pavlova",11,1996,"56"
"Pavlova",11,1997,"18"
"Pavlova",12,1997,"85"
"Perth Pasties",1,1997,"25"
"Perth Pasties",1,1998,"29"
"Perth Pasties",2,1997,"65"
"Perth Pasties",2,1998,"3"
"Perth Pasties",3,1997,"28"
"Perth Pasties",3,1998,"22"
"Perth Pasties",4,1997,"21"
"Perth Pasties",4,1998,"80"
"Perth Pasties",5,1998,"25"
"Perth Pasties",6,1997,"43"
"Perth Pasties",7,1996,"15"
"Perth Pasties",8,1996,"36"
"Perth Pasties",8,1997,"37"
"Perth Pasties",9,1996,"30"
"Perth Pasties",9,1997,"10"
"Perth Pasties",10,1997,"123"
"Perth Pasties",12,1996,"130"
"Queso Cabrales",1,1997,"30"
"Queso Cabrales",1,1998,"60"
"Queso Cabrales",2,1997,"42"
"Queso Cabrales",2,1998,"90"
"Queso Cabrales",3,1997,"30"
"Queso Cabrales",3,1998,"52"
"Queso Cabrales",4,1998,"10"
"Queso Cabrales",5,1997,"93"
"Queso Cabrales",5,1998,"10"
"Queso Cabrales",6,1997,"50"
"Queso Cabrales",7,1996,"12"
"Queso Cabrales",7,1997,"14"
"Queso Cabrales",8,1997,"10"
"Queso Cabrales",9,1996,"12"
"Queso Cabrales",10,1996,"50"
"Queso Cabrales",10,1997,"15"
"Queso Cabrales",11,1996,"36"
"Queso Cabrales",11,1997,"5"
"Queso Cabrales",12,1997,"85"
"Queso Manchego La Pastora",2,1997,"15"
"Queso Manchego La Pastora",3,1998,"50"
"Queso Manchego La Pastora",4,1998,"44"
"Queso Manchego La Pastora",5,1997,"45"
"Queso Manchego La Pastora",5,1998,"2"
"Queso Manchego La Pastora",7,1996,"12"
"Queso Manchego La Pastora",8,1997,"36"
"Queso Manchego La Pastora",9,1997,"100"
"Queso Manchego La Pastora",10,1997,"40"
"Raclette Courdavault",1,1997,"115"
"Raclette Courdavault",1,1998,"147"
"Raclette Courdavault",2,1997,"36"
"Raclette Courdavault",2,1998,"40"
"Raclette Courdavault",3,1997,"162"
"Raclette Courdavault",3,1998,"4"
"Raclette Courdavault",4,1997,"4"
"Raclette Courdavault",4,1998,"322"
"Raclette Courdavault",5,1997,"17"
"Raclette Courdavault",6,1997,"52"
"Raclette Courdavault",7,1996,"100"
"Raclette Courdavault",7,1997,"85"
"Raclette Courdavault",8,1996,"21"
"Raclette Courdavault",9,1996,"40"
"Raclette Courdavault",9,1997,"13"
"Raclette Courdavault",10,1996,"58"
"Raclette Courdavault",10,1997,"110"
"Raclette Courdavault",11,1997,"93"
"Raclette Courdavault",12,1996,"12"
"Raclette Courdavault",12,1997,"65"
"Ravioli Angelo",1,1997,"20"
"Ravioli Angelo",1,1998,"64"
"Ravioli Angelo",2,1997,"15"
"Ravioli Angelo",2,1998,"20"
"Ravioli Angelo",3,1998,"45"
"Ravioli Angelo",4,1998,"48"
"Ravioli Angelo",5,1997,"5"
"Ravioli Angelo",6,1997,"10"
"Ravioli Angelo",7,1996,"65"
"Ravioli Angelo",7,1997,"20"
"Ravioli Angelo",8,1996,"2"
"Ravioli Angelo",10,1996,"16"
"Ravioli Angelo",10,1997,"40"
"Ravioli Angelo",11,1996,"50"
"Ravioli Angelo",11,1997,"14"
"Rhönbräu Klosterbier",1,1998,"20"
"Rhönbräu Klosterbier",2,1997,"28"
"Rhönbräu Klosterbier",2,1998,"134"
"Rhönbräu Klosterbier",3,1997,"46"
"Rhönbräu Klosterbier",3,1998,"217"
"Rhönbräu Klosterbier",4,1997,"86"
"Rhönbräu Klosterbier",4,1998,"30"
"Rhönbräu Klosterbier",5,1997,"30"
"Rhönbräu Klosterbier",5,1998,"4"
"Rhönbräu Klosterbier",6,1997,"126"
"Rhönbräu Klosterbier",7,1997,"70"
"Rhönbräu Klosterbier",8,1996,"42"
"Rhönbräu Klosterbier",8,1997,"10"
"Rhönbräu Klosterbier",9,1996,"10"
"Rhönbräu Klosterbier",9,1997,"55"
"Rhönbräu Klosterbier",10,1996,"50"
"Rhönbräu Klosterbier",10,1997,"42"
"Rhönbräu Klosterbier",11,1996,"18"
"Rhönbräu Klosterbier",11,1997,"20"
"Rhönbräu Klosterbier",12,1997,"117"
"Röd Kaviar",1,1997,"20"
"Röd Kaviar",2,1998,"10"
"Röd Kaviar",3,1997,"20"
"Röd Kaviar",5,1997,"33"
"Röd Kaviar",5,1998,"2"
"Röd Kaviar",6,1997,"3"
"Röd Kaviar",7,1997,"30"
"Röd Kaviar",8,1996,"25"
"Röd Kaviar",8,1997,"35"
"Röd Kaviar",9,1997,"50"
"Röd Kaviar",10,1997,"50"
"Röd Kaviar",11,1997,"15"
"Rogede sild",1,1998,"36"
"Rogede sild",2,1998,"15"
"Rogede sild",3,1997,"30"
"Rogede sild",3,1998,"30"
"Rogede sild",4,1997,"21"
"Rogede sild",4,1998,"20"
"Rogede sild",5,1997,"100"
"Rogede sild",8,1997,"20"
"Rogede sild",10,1997,"110"
"Rogede sild",11,1997,"84"
"Rogede sild",12,1996,"15"
"Rogede sild",12,1997,"27"
"Rössle Sauerkraut",1,1997,"42"
"Rössle Sauerkraut",2,1997,"57"
"Rössle Sauerkraut",2,1998,"3"
"Rössle Sauerkraut",3,1997,"18"
"Rössle Sauerkraut",3,1998,"60"
"Rössle Sauerkraut",4,1997,"66"
"Rössle Sauerkraut",4,1998,"90"
"Rössle Sauerkraut",5,1997,"7"
"Rössle Sauerkraut",5,1998,"8"
"Rössle Sauerkraut",8,1996,"20"
"Rössle Sauerkraut",8,1997,"45"
"Rössle Sauerkraut",9,1996,"32"
"Rössle Sauerkraut",10,1996,"14"
"Rössle Sauerkraut",10,1997,"60"
"Rössle Sauerkraut",11,1996,"43"
"Rössle Sauerkraut",11,1997,"25"
"Rössle Sauerkraut",12,1996,"26"
"Rössle Sauerkraut",12,1997,"24"
"Sasquatch Ale",2,1997,"20"
"Sasquatch Ale",2,1998,"10"
"Sasquatch Ale",3,1997,"35"
"Sasquatch Ale",3,1998,"20"
"Sasquatch Ale",4,1998,"180"
"Sasquatch Ale",5,1997,"10"
"Sasquatch Ale",5,1998,"35"
"Sasquatch Ale",6,1997,"40"
"Sasquatch Ale",8,1996,"20"
"Sasquatch Ale",9,1996,"14"
"Sasquatch Ale",10,1997,"26"
"Sasquatch Ale",11,1996,"46"
"Sasquatch Ale",11,1997,"30"
"Sasquatch Ale",12,1996,"10"
"Sasquatch Ale",12,1997,"10"
"Schoggi Schokolade",1,1998,"10"
"Schoggi Schokolade",2,1997,"50"
"Schoggi Schokolade",3,1998,"55"
"Schoggi Schokolade",4,1997,"120"
"Schoggi Schokolade",7,1996,"25"
"Schoggi Schokolade",7,1997,"50"
"Schoggi Schokolade",8,1996,"15"
"Schoggi Schokolade",12,1997,"40"
"Scottish Longbreads",1,1997,"66"
"Scottish Longbreads",1,1998,"44"
"Scottish Longbreads",2,1997,"21"
"Scottish Longbreads",2,1998,"58"
"Scottish Longbreads",3,1997,"30"
"Scottish Longbreads",3,1998,"80"
"Scottish Longbreads",4,1997,"6"
"Scottish Longbreads",4,1998,"44"
"Scottish Longbreads",5,1997,"55"
"Scottish Longbreads",5,1998,"55"
"Scottish Longbreads",8,1996,"3"
"Scottish Longbreads",8,1997,"33"
"Scottish Longbreads",9,1996,"38"
"Scottish Longbreads",9,1997,"10"
"Scottish Longbreads",10,1996,"24"
"Scottish Longbreads",10,1997,"85"
"Scottish Longbreads",11,1997,"6"
"Scottish Longbreads",12,1996,"68"
"Scottish Longbreads",12,1997,"73"
"Singaporean Hokkien Fried Mee",1,1997,"40"
"Singaporean Hokkien Fried Mee",1,1998,"62"
"Singaporean Hokkien Fried Mee",2,1998,"25"
"Singaporean Hokkien Fried Mee",3,1997,"50"
"Singaporean Hokkien Fried Mee",3,1998,"10"
"Singaporean Hokkien Fried Mee",4,1997,"70"
"Singaporean Hokkien Fried Mee",4,1998,"112"
"Singaporean Hokkien Fried Mee",6,1997,"28"
"Singaporean Hokkien Fried Mee",7,1996,"10"
"Singaporean Hokkien Fried Mee",7,1997,"100"
"Singaporean Hokkien Fried Mee",8,1997,"5"
"Singaporean Hokkien Fried Mee",9,1996,"8"
"Singaporean Hokkien Fried Mee",9,1997,"96"
"Singaporean Hokkien Fried Mee",10,1996,"10"
"Singaporean Hokkien Fried Mee",11,1996,"9"
"Singaporean Hokkien Fried Mee",11,1997,"28"
"Singaporean Hokkien Fried Mee",12,1997,"34"
"Sir Rodney's Marmalade",1,1998,"5"
"Sir Rodney's Marmalade",2,1998,"20"
"Sir Rodney's Marmalade",3,1998,"70"
"Sir Rodney's Marmalade",4,1997,"39"
"Sir Rodney's Marmalade",4,1998,"15"
"Sir Rodney's Marmalade",5,1997,"15"
"Sir Rodney's Marmalade",5,1998,"1"
"Sir Rodney's Marmalade",7,1996,"40"
"Sir Rodney's Marmalade",7,1997,"21"
"Sir Rodney's Marmalade",8,1996,"26"
"Sir Rodney's Marmalade",9,1997,"21"
"Sir Rodney's Marmalade",12,1996,"40"
"Sir Rodney's Scones",1,1997,"92"
"Sir Rodney's Scones",1,1998,"40"
"Sir Rodney's Scones",2,1997,"80"
"Sir Rodney's Scones",2,1998,"60"
"Sir Rodney's Scones",3,1997,"35"
"Sir Rodney's Scones",3,1998,"148"
"Sir Rodney's Scones",4,1997,"52"
"Sir Rodney's Scones",4,1998,"103"
"Sir Rodney's Scones",5,1997,"21"
"Sir Rodney's Scones",7,1996,"30"
"Sir Rodney's Scones",7,1997,"14"
"Sir Rodney's Scones",8,1997,"97"
"Sir Rodney's Scones",9,1997,"72"
"Sir Rodney's Scones",10,1996,"10"
"Sir Rodney's Scones",10,1997,"37"
"Sir Rodney's Scones",11,1996,"5"
"Sir Rodney's Scones",11,1997,"70"
"Sir Rodney's Scones",12,1996,"10"
"Sir Rodney's Scones",12,1997,"40"
"Sirop d'érable",1,1997,"16"
"Sirop d'érable",1,1998,"30"
"Sirop d'érable",2,1997,"115"
"Sirop d'érable",2,1998,"50"
"Sirop d'érable",3,1998,"30"
"Sirop d'érable",4,1997,"40"
"Sirop d'érable",4,1998,"97"
"Sirop d'érable",5,1997,"30"
"Sirop d'érable",7,1997,"120"
"Sirop d'érable",8,1997,"20"
"Sirop d'érable",10,1997,"15"
"Sirop d'érable",11,1997,"20"
"Sirop d'érable",12,1997,"20"
"Spegesild",1,1997,"22"
"Spegesild",1,1998,"35"
"Spegesild",2,1997,"35"
"Spegesild",2,1998,"21"
"Spegesild",3,1997,"5"
"Spegesild",3,1998,"24"
"Spegesild",4,1997,"9"
"Spegesild",4,1998,"48"
"Spegesild",5,1998,"33"
"Spegesild",8,1996,"15"
"Spegesild",8,1997,"23"
"Spegesild",9,1997,"105"
"Spegesild",10,1996,"30"
"Spegesild",10,1997,"42"
"Spegesild",11,1997,"28"
"Spegesild",12,1996,"73"
"Steeleye Stout",1,1997,"95"
"Steeleye Stout",1,1998,"59"
"Steeleye Stout",2,1997,"8"
"Steeleye Stout",2,1998,"37"
"Steeleye Stout",3,1998,"50"
"Steeleye Stout",4,1997,"3"
"Steeleye Stout",4,1998,"117"
"Steeleye Stout",5,1997,"56"
"Steeleye Stout",6,1997,"20"
"Steeleye Stout",7,1996,"20"
"Steeleye Stout",7,1997,"54"
"Steeleye Stout",8,1996,"104"
"Steeleye Stout",8,1997,"30"
"Steeleye Stout",10,1996,"80"
"Steeleye Stout",10,1997,"30"
"Steeleye Stout",11,1997,"35"
"Steeleye Stout",12,1996,"70"
"Steeleye Stout",12,1997,"15"
"Tarte au sucre",1,1997,"75"
"Tarte au sucre",1,1998,"101"
"Tarte au sucre",2,1997,"35"
"Tarte au sucre",2,1998,"61"
"Tarte au sucre",3,1998,"156"
"Tarte au sucre",4,1997,"3"
"Tarte au sucre",4,1998,"33"
"Tarte au sucre",5,1997,"60"
"Tarte au sucre",6,1997,"35"
"Tarte au sucre",7,1996,"15"
"Tarte au sucre",7,1997,"20"
"Tarte au sucre",8,1996,"52"
"Tarte au sucre",8,1997,"95"
"Tarte au sucre",9,1996,"125"
"Tarte au sucre",9,1997,"10"
"Tarte au sucre",10,1996,"28"
"Tarte au sucre",10,1997,"68"
"Tarte au sucre",11,1997,"39"
"Tarte au sucre",12,1996,"30"
"Tarte au sucre",12,1997,"42"
"Teatime Chocolate Biscuits",1,1997,"42"
"Teatime Chocolate Biscuits",1,1998,"29"
"Teatime Chocolate Biscuits",2,1997,"67"
"Teatime Chocolate Biscuits",2,1998,"37"
"Teatime Chocolate Biscuits",3,1997,"26"
"Teatime Chocolate Biscuits",3,1998,"19"
"Teatime Chocolate Biscuits",4,1998,"85"
"Teatime Chocolate Biscuits",5,1997,"10"
"Teatime Chocolate Biscuits",5,1998,"52"
"Teatime Chocolate Biscuits",6,1997,"35"
"Teatime Chocolate Biscuits",8,1996,"19"
"Teatime Chocolate Biscuits",8,1997,"50"
"Teatime Chocolate Biscuits",9,1996,"15"
"Teatime Chocolate Biscuits",9,1997,"49"
"Teatime Chocolate Biscuits",10,1996,"10"
"Teatime Chocolate Biscuits",10,1997,"24"
"Teatime Chocolate Biscuits",11,1996,"80"
"Teatime Chocolate Biscuits",12,1997,"74"
"Thüringer Rostbratwurst",1,1997,"21"
"Thüringer Rostbratwurst",1,1998,"18"
"Thüringer Rostbratwurst",2,1997,"24"
"Thüringer Rostbratwurst",2,1998,"164"
"Thüringer Rostbratwurst",3,1997,"18"
"Thüringer Rostbratwurst",3,1998,"14"
"Thüringer Rostbratwurst",4,1997,"36"
"Thüringer Rostbratwurst",4,1998,"122"
"Thüringer Rostbratwurst",6,1997,"10"
"Thüringer Rostbratwurst",7,1996,"10"
"Thüringer Rostbratwurst",8,1996,"15"
"Thüringer Rostbratwurst",8,1997,"26"
"Thüringer Rostbratwurst",9,1996,"25"
"Thüringer Rostbratwurst",9,1997,"46"
"Thüringer Rostbratwurst",10,1997,"52"
"Thüringer Rostbratwurst",11,1996,"39"
"Thüringer Rostbratwurst",12,1996,"34"
"Thüringer Rostbratwurst",12,1997,"72"
"Tofu",1,1997,"67"
"Tofu",3,1997,"12"
"Tofu",4,1997,"70"
"Tofu",5,1998,"21"
"Tofu",6,1997,"56"
"Tofu",7,1996,"9"
"Tofu",8,1997,"24"
"Tofu",9,1997,"33"
"Tofu",10,1996,"19"
"Tofu",11,1997,"21"
"Tofu",12,1996,"57"
"Tofu",12,1997,"15"
"Tourtière",1,1997,"46"
"Tourtière",1,1998,"35"
"Tourtière",2,1997,"101"
"Tourtière",2,1998,"42"
"Tourtière",3,1997,"24"
"Tourtière",4,1997,"20"
"Tourtière",4,1998,"10"
"Tourtière",5,1997,"49"
"Tourtière",5,1998,"20"
"Tourtière",7,1997,"54"
"Tourtière",8,1996,"10"
"Tourtière",8,1997,"30"
"Tourtière",9,1996,"5"
"Tourtière",9,1997,"36"
"Tourtière",10,1996,"15"
"Tourtière",10,1997,"115"
"Tourtière",11,1996,"114"
"Tourtière",12,1996,"10"
"Tourtière",12,1997,"19"
"Tunnbröd",1,1997,"60"
"Tunnbröd",1,1998,"88"
"Tunnbröd",2,1998,"80"
"Tunnbröd",3,1997,"36"
"Tunnbröd",3,1998,"8"
"Tunnbröd",4,1997,"10"
"Tunnbröd",4,1998,"10"
"Tunnbröd",5,1997,"90"
"Tunnbröd",5,1998,"2"
"Tunnbröd",8,1997,"10"
"Tunnbröd",9,1997,"37"
"Tunnbröd",10,1996,"40"
"Tunnbröd",11,1996,"25"
"Tunnbröd",11,1997,"44"
"Tunnbröd",12,1996,"40"
"Uncle Bob's Organic Dried Pears",1,1998,"25"
"Uncle Bob's Organic Dried Pears",2,1997,"16"
"Uncle Bob's Organic Dried Pears",2,1998,"32"
"Uncle Bob's Organic Dried Pears",3,1997,"30"
"Uncle Bob's Organic Dried Pears",3,1998,"217"
"Uncle Bob's Organic Dried Pears",4,1997,"50"
"Uncle Bob's Organic Dried Pears",4,1998,"124"
"Uncle Bob's Organic Dried Pears",5,1997,"10"
"Uncle Bob's Organic Dried Pears",5,1998,"16"
"Uncle Bob's Organic Dried Pears",7,1996,"15"
"Uncle Bob's Organic Dried Pears",7,1997,"55"
"Uncle Bob's Organic Dried Pears",8,1997,"35"
"Uncle Bob's Organic Dried Pears",10,1997,"90"
"Uncle Bob's Organic Dried Pears",12,1996,"10"
"Uncle Bob's Organic Dried Pears",12,1997,"38"
"Valkoinen suklaa",1,1997,"40"
"Valkoinen suklaa",3,1997,"25"
"Valkoinen suklaa",3,1998,"33"
"Valkoinen suklaa",5,1998,"22"
"Valkoinen suklaa",8,1997,"25"
"Valkoinen suklaa",11,1996,"15"
"Valkoinen suklaa",11,1997,"60"
"Valkoinen suklaa",12,1996,"15"
"Vegie-spread",1,1997,"100"
"Vegie-spread",3,1998,"105"
"Vegie-spread",4,1998,"42"
"Vegie-spread",6,1997,"6"
"Vegie-spread",7,1997,"24"
"Vegie-spread",8,1996,"13"
"Vegie-spread",10,1996,"80"
"Vegie-spread",10,1997,"20"
"Vegie-spread",11,1997,"9"
"Vegie-spread",12,1996,"16"
"Vegie-spread",12,1997,"30"
"Wimmers gute Semmelknödel",1,1997,"7"
"Wimmers gute Semmelknödel",1,1998,"111"
"Wimmers gute Semmelknödel",2,1997,"71"
"Wimmers gute Semmelknödel",2,1998,"35"
"Wimmers gute Semmelknödel",3,1997,"38"
"Wimmers gute Semmelknödel",3,1998,"12"
"Wimmers gute Semmelknödel",4,1998,"45"
"Wimmers gute Semmelknödel",5,1998,"132"
"Wimmers gute Semmelknödel",6,1997,"54"
"Wimmers gute Semmelknödel",8,1996,"9"
"Wimmers gute Semmelknödel",8,1997,"9"
"Wimmers gute Semmelknödel",9,1997,"43"
"Wimmers gute Semmelknödel",10,1996,"50"
"Wimmers gute Semmelknödel",11,1996,"35"
"Wimmers gute Semmelknödel",11,1997,"24"
"Wimmers gute Semmelknödel",12,1996,"30"
"Wimmers gute Semmelknödel",12,1997,"35"
"Zaanse koeken",1,1997,"85"
"Zaanse koeken",1,1998,"40"
"Zaanse koeken",2,1998,"21"
"Zaanse koeken",3,1997,"30"
"Zaanse koeken",3,1998,"49"
"Zaanse koeken",4,1997,"6"
"Zaanse koeken",6,1997,"25"
"Zaanse koeken",7,1997,"15"
"Zaanse koeken",9,1997,"71"
"Zaanse koeken",10,1996,"16"
"Zaanse koeken",10,1997,"67"
"Zaanse koeken",11,1997,"30"
"Zaanse koeken",12,1997,"30"
